poem,lineNumber,close,neutral,open,distFromPrev,ZNorm
AmFeierabendIPAMusic.txt,line 1,0.25,0.25,0.5,NULL,NULL
AmFeierabendIPAMusic.txt,line 2,0.4,0.4,0.2,0.3674234614174767,0.664124586656525
AmFeierabendIPAMusic.txt,line 3,0.25,0.25,0.5,0.3674234614174767,0.664124586656525
AmFeierabendIPAMusic.txt,line 4,0.6,0.4,0.0,0.6284902544988268,1.1360075616195635
AmFeierabendIPAMusic.txt,line 5,0.6666666666666666,0.3333333333333333,0.0,0.09428090415820635,0.1704144483918194
AmFeierabendIPAMusic.txt,line 6,0.2,0.4,0.4,0.6182412330330469,1.1174822689821915
AmFeierabendIPAMusic.txt,line 7,0.6666666666666666,0.3333333333333333,0.0,0.6182412330330469,1.1174822689821915
AmFeierabendIPAMusic.txt,line 8,0.0,0.5,0.5,0.8498365855987975,1.5360950793915416
AmFeierabendIPAMusic.txt,line 9,0.5714285714285714,0.2857142857142857,0.14285714285714285,0.7071067811865476,1.2781083629386456
AmFeierabendIPAMusic.txt,line 10,0.14285714285714285,0.42857142857142855,0.42857142857142855,0.5345224838248488,0.9661591076935825
AmFeierabendIPAMusic.txt,line 11,0.5714285714285714,0.2857142857142857,0.14285714285714285,0.5345224838248488,0.9661591076935825
AmFeierabendIPAMusic.txt,line 12,0.14285714285714285,0.42857142857142855,0.42857142857142855,0.5345224838248488,0.9661591076935825
AmFeierabendIPAMusic.txt,line 13,0.42857142857142855,0.0,0.5714285714285714,0.5345224838248488,0.9661591076935825
AmFeierabendIPAMusic.txt,line 14,0.375,0.25,0.375,0.3224191086654962,0.5827784008309188
AmFeierabendIPAMusic.txt,line 15,0.25,0.25,0.5,0.1767766952966369,0.3195270907346614
AmFeierabendIPAMusic.txt,line 16,0.42857142857142855,0.2857142857142857,0.2857142857142857,0.28121456692899327,0.5083004425003436
AmFeierabendIPAMusic.txt,line 17,0.42857142857142855,0.2857142857142857,0.2857142857142857,0.0,0.0
AmFeierabendIPAMusic.txt,line 18,0.7,0.2,0.1,0.3398679215248662,0.6143174473119745
AmFeierabendIPAMusic.txt,line 19,0.5,0.4,0.1,0.282842712474619,0.5112433451754581
AmFeierabendIPAMusic.txt,line 20,0.5,0.25,0.25,0.21213203435596428,0.3834325088815937
AmFeierabendIPAMusic.txt,line 21,0.125,0.375,0.5,0.46770717334674267,0.8453892192318847
AmFeierabendIPAMusic.txt,line 22,0.125,0.375,0.5,0.0,0.0
AmFeierabendIPAMusic.txt,line 23,0.2857142857142857,0.2857142857142857,0.42857142857142855,0.19723858959262966,0.3565123366933979
AmFeierabendIPAMusic.txt,line 24,0.14285714285714285,0.42857142857142855,0.42857142857142855,0.20203050891044214,0.3651738179824701
AmFeierabendIPAMusic.txt,line 25,0.14285714285714285,0.42857142857142855,0.42857142857142855,0.0,0.0
AmFeierabendIPAMusic.txt,line 26,0.25,0.25,0.5,0.22015764296317772,0.39793894235312577
AmFeierabendIPAMusic.txt,line 27,0.4,0.4,0.2,0.3674234614174767,0.664124586656525
AmFeierabendIPAMusic.txt,line 28,0.25,0.25,0.5,0.3674234614174767,0.664124586656525
AmFeierabendIPAMusic.txt,line 29,0.6,0.4,0.0,0.6284902544988268,1.1360075616195635
AmFeierabendIPAMusic.txt,line 30,0.6666666666666666,0.3333333333333333,0.0,0.09428090415820635,0.1704144483918194
AmFeierabendIPAMusic.txt,line 31,0.2,0.4,0.4,0.6182412330330469,1.1174822689821915
AmFeierabendIPAMusic.txt,line 32,0.6666666666666666,0.3333333333333333,0.0,0.6182412330330469,1.1174822689821915
AmFeierabendIPAMusic.txt,line 33,0.0,0.5,0.5,0.8498365855987975,1.5360950793915416
AmFeierabendIPAMusic.txt,line 34,0.5714285714285714,0.2857142857142857,0.14285714285714285,0.7071067811865476,1.2781083629386456
AmFeierabendIPAMusic.txt,line 35,0.1111111111111111,0.4444444444444444,0.4444444444444444,0.5727497953228163,1.0352556682388323
AmFeierabendIPAMusic.txt,line 36,0.5714285714285714,0.2857142857142857,0.14285714285714285,0.5727497953228163,1.0352556682388323
AmFeierabendIPAMusic.txt,line 37,0.1111111111111111,0.4444444444444444,0.4444444444444444,0.5727497953228163,1.0352556682388323
AmFeierabendIPAMusic.txt,line 38,0.5714285714285714,0.2857142857142857,0.14285714285714285,0.5727497953228163,1.0352556682388323
AmFeierabendIPAMusic.txt,line 39,0.14285714285714285,0.42857142857142855,0.42857142857142855,0.5345224838248488,0.9661591076935825
AmFeierabendIPAMusic.txt,line 39,0.14285714285714285,0.42857142857142855,0.42857142857142855,0.5345224838248488,0.9661591076935825
DanksagungAnDenBachIPAMusic.txt,line 1,0.16666666666666666,0.16666666666666666,0.6666666666666666,NULL,NULL
DanksagungAnDenBachIPAMusic.txt,line 2,0.0,0.4,0.6,0.2943920288775949,0.5380725843402684
DanksagungAnDenBachIPAMusic.txt,line 3,0.3333333333333333,0.3333333333333333,0.3333333333333333,0.43204937989385733,0.7896746637075502
DanksagungAnDenBachIPAMusic.txt,line 4,0.16666666666666666,0.16666666666666666,0.6666666666666666,0.408248290463863,0.7461724202924075
DanksagungAnDenBachIPAMusic.txt,line 5,0.16666666666666666,0.16666666666666666,0.6666666666666666,0.0,0.0
DanksagungAnDenBachIPAMusic.txt,line 6,0.8,0.2,0.0,0.9201449161228175,1.6817872239048401
DanksagungAnDenBachIPAMusic.txt,line 7,0.6,0.2,0.2,0.28284271247461906,0.5169634172612353
DanksagungAnDenBachIPAMusic.txt,line 8,0.18181818181818182,0.18181818181818182,0.6363636363636364,0.6046650599387596,1.105171538448109
DanksagungAnDenBachIPAMusic.txt,line 9,0.8,0.2,0.0,0.8873770430481767,1.6218960161984763
DanksagungAnDenBachIPAMusic.txt,line 10,0.8,0.2,0.0,0.0,0.0
DanksagungAnDenBachIPAMusic.txt,line 11,0.6,0.0,0.4,0.4898979485566357,0.8954069043508891
DanksagungAnDenBachIPAMusic.txt,line 12,0.5,0.3333333333333333,0.16666666666666666,0.41899350299921784,0.7658118932096167
DanksagungAnDenBachIPAMusic.txt,line 13,0.3333333333333333,0.16666666666666666,0.5,0.408248290463863,0.7461724202924075
DanksagungAnDenBachIPAMusic.txt,line 14,0.8,0.0,0.2,0.5792715732327589,1.0587588041447993
DanksagungAnDenBachIPAMusic.txt,line 15,0.8,0.0,0.2,0.0,0.0
DanksagungAnDenBachIPAMusic.txt,line 16,0.4,0.0,0.6,0.565685424949238,1.0339268345224704
DanksagungAnDenBachIPAMusic.txt,line 17,0.6,0.2,0.2,0.4898979485566356,0.8954069043508889
DanksagungAnDenBachIPAMusic.txt,line 18,0.5714285714285714,0.14285714285714285,0.2857142857142857,0.10690449676496974,0.19539380557019198
DanksagungAnDenBachIPAMusic.txt,line 19,0.4,0.2,0.4,0.21380899352993948,0.39078761114038396
DanksagungAnDenBachIPAMusic.txt,line 20,0.4,0.0,0.6,0.282842712474619,0.5169634172612352
DanksagungAnDenBachIPAMusic.txt,line 21,0.6,0.2,0.2,0.4898979485566356,0.8954069043508889
DanksagungAnDenBachIPAMusic.txt,line 22,0.42857142857142855,0.2857142857142857,0.2857142857142857,0.20995626366712955,0.383745816150381
DanksagungAnDenBachIPAMusic.txt,line 23,0.5,0.25,0.25,0.08748177652797065,0.15989409006265876
DanksagungAnDenBachIPAMusic.txt,line 24,0.5,0.25,0.25,0.0,0.0
DanksagungAnDenBachIPAMusic.txt,line 24,0.5,0.25,0.25,0.0,0.0
DasWandernIPAMusic.txt,line 1,0.375,0.25,0.375,NULL,NULL
DasWandernIPAMusic.txt,line 2,0.0,0.3333333333333333,0.6666666666666666,0.4823265376162594,1.0793634564346875
DasWandernIPAMusic.txt,line 3,0.375,0.25,0.375,0.4823265376162594,1.0793634564346875
DasWandernIPAMusic.txt,line 4,0.0,0.3333333333333333,0.6666666666666666,0.4823265376162594,1.0793634564346875
DasWandernIPAMusic.txt,line 5,0.25,0.25,0.5,0.31180478223116176,0.6977652300559349
DasWandernIPAMusic.txt,line 6,0.375,0.125,0.5,0.1767766952966369,0.3955957011933805
DasWandernIPAMusic.txt,line 7,0.0,0.3333333333333333,0.6666666666666666,0.4602233757161358,1.0299003990118885
DasWandernIPAMusic.txt,line 8,0.0,0.3333333333333333,0.6666666666666666,0.0,0.0
DasWandernIPAMusic.txt,line 9,0.0,0.3333333333333333,0.6666666666666666,0.0,0.0
DasWandernIPAMusic.txt,line 10,0.0,0.3333333333333333,0.6666666666666666,0.0,0.0
DasWandernIPAMusic.txt,line 11,0.125,0.375,0.5,0.21245914639969934,0.4754468616686214
DasWandernIPAMusic.txt,line 12,0.0,0.3333333333333333,0.6666666666666666,0.21245914639969934,0.4754468616686214
DasWandernIPAMusic.txt,line 13,0.125,0.375,0.5,0.21245914639969934,0.4754468616686214
DasWandernIPAMusic.txt,line 14,0.0,0.3333333333333333,0.6666666666666666,0.21245914639969934,0.4754468616686214
DasWandernIPAMusic.txt,line 15,0.25,0.0,0.75,0.42491829279939874,0.9508937233372429
DasWandernIPAMusic.txt,line 16,0.25,0.25,0.5,0.3535533905932738,0.791191402386761
DasWandernIPAMusic.txt,line 17,0.0,0.3333333333333333,0.6666666666666666,0.31180478223116176,0.6977652300559349
DasWandernIPAMusic.txt,line 18,0.0,0.3333333333333333,0.6666666666666666,0.0,0.0
DasWandernIPAMusic.txt,line 19,0.0,0.3333333333333333,0.6666666666666666,0.0,0.0
DasWandernIPAMusic.txt,line 20,0.0,0.3333333333333333,0.6666666666666666,0.0,0.0
DasWandernIPAMusic.txt,line 21,0.375,0.125,0.5,0.4602233757161358,1.0299003990118885
DasWandernIPAMusic.txt,line 22,0.3333333333333333,0.3333333333333333,0.3333333333333333,0.2700308624336608,0.6042824151059327
DasWandernIPAMusic.txt,line 23,0.375,0.125,0.5,0.2700308624336608,0.6042824151059327
DasWandernIPAMusic.txt,line 24,0.3333333333333333,0.3333333333333333,0.3333333333333333,0.2700308624336608,0.6042824151059327
DasWandernIPAMusic.txt,line 25,0.5,0.25,0.25,0.2041241452319315,0.45679456914851396
DasWandernIPAMusic.txt,line 26,0.625,0.125,0.25,0.1767766952966369,0.3955957011933805
DasWandernIPAMusic.txt,line 27,0.3333333333333333,0.3333333333333333,0.3333333333333333,0.36799003609699366,0.8234981207092241
DasWandernIPAMusic.txt,line 28,0.3333333333333333,0.3333333333333333,0.3333333333333333,0.0,0.0
DasWandernIPAMusic.txt,line 29,0.3333333333333333,0.3333333333333333,0.3333333333333333,0.0,0.0
DasWandernIPAMusic.txt,line 30,0.3333333333333333,0.3333333333333333,0.3333333333333333,0.0,0.0
DasWandernIPAMusic.txt,line 31,0.625,0.125,0.25,0.36799003609699366,0.8234981207092241
DasWandernIPAMusic.txt,line 32,0.3333333333333333,0.3333333333333333,0.3333333333333333,0.36799003609699366,0.8234981207092241
DasWandernIPAMusic.txt,line 33,0.625,0.125,0.25,0.36799003609699366,0.8234981207092241
DasWandernIPAMusic.txt,line 34,0.3333333333333333,0.3333333333333333,0.3333333333333333,0.36799003609699366,0.8234981207092241
DasWandernIPAMusic.txt,line 35,0.5,0.25,0.25,0.2041241452319315,0.45679456914851396
DasWandernIPAMusic.txt,line 36,0.125,0.25,0.625,0.5303300858899106,1.1867871035801414
DasWandernIPAMusic.txt,line 37,0.3333333333333333,0.3333333333333333,0.3333333333333333,0.36799003609699366,0.8234981207092241
DasWandernIPAMusic.txt,line 38,0.3333333333333333,0.3333333333333333,0.3333333333333333,0.0,0.0
DasWandernIPAMusic.txt,line 39,0.3333333333333333,0.3333333333333333,0.3333333333333333,0.0,0.0
DasWandernIPAMusic.txt,line 40,0.3333333333333333,0.3333333333333333,0.3333333333333333,0.0,0.0
DasWandernIPAMusic.txt,line 41,0.25,0.375,0.375,0.10206207261596575,0.22839728457425698
DasWandernIPAMusic.txt,line 42,0.3333333333333333,0.3333333333333333,0.3333333333333333,0.10206207261596575,0.22839728457425698
DasWandernIPAMusic.txt,line 43,0.25,0.375,0.375,0.10206207261596575,0.22839728457425698
DasWandernIPAMusic.txt,line 44,0.3333333333333333,0.3333333333333333,0.3333333333333333,0.10206207261596575,0.22839728457425698
DasWandernIPAMusic.txt,line 45,0.25,0.25,0.5,0.2041241452319315,0.45679456914851396
DasWandernIPAMusic.txt,line 46,0.5,0.25,0.25,0.3535533905932738,0.791191402386761
DasWandernIPAMusic.txt,line 47,0.3333333333333333,0.3333333333333333,0.3333333333333333,0.2041241452319315,0.45679456914851396
DasWandernIPAMusic.txt,line 48,0.3333333333333333,0.3333333333333333,0.3333333333333333,0.0,0.0
DasWandernIPAMusic.txt,line 49,0.3333333333333333,0.3333333333333333,0.3333333333333333,0.0,0.0
DasWandernIPAMusic.txt,line 50,0.3333333333333333,0.3333333333333333,0.3333333333333333,0.0,0.0
DasWandernIPAMusic.txt,line 50,0.3333333333333333,0.3333333333333333,0.3333333333333333,0.0,0.0
DerJagerIPAMusic.txt,line 1,0.4,0.1,0.5,NULL,NULL
DerJagerIPAMusic.txt,line 2,0.2727272727272727,0.36363636363636365,0.36363636363636365,0.3229512666969384,1.5646713603440527
DerJagerIPAMusic.txt,line 3,0.6,0.1,0.3,0.4250425355476713,2.0592948561603057
DerJagerIPAMusic.txt,line 4,0.5454545454545454,0.09090909090909091,0.36363636363636365,0.0843056226863246,0.408453556112076
DerJagerIPAMusic.txt,line 5,0.6,0.1,0.3,0.0843056226863246,0.408453556112076
DerJagerIPAMusic.txt,line 6,0.4,0.3,0.3,0.28284271247461895,1.3703488337959173
DerJagerIPAMusic.txt,line 7,0.2727272727272727,0.36363636363636365,0.36363636363636365,0.1558766199952932,0.7552089377086829
DerJagerIPAMusic.txt,line 8,0.4,0.1,0.5,0.3229512666969384,1.5646713603440527
DerJagerIPAMusic.txt,line 9,0.45454545454545453,0.2727272727272727,0.2727272727272727,0.2906248611481051,1.408052680806277
DerJagerIPAMusic.txt,line 10,0.36363636363636365,0.09090909090909091,0.5454545454545454,0.34015067152490375,1.648001010741537
DerJagerIPAMusic.txt,line 11,0.45454545454545453,0.2727272727272727,0.2727272727272727,0.34015067152490375,1.648001010741537
DerJagerIPAMusic.txt,line 12,0.36363636363636365,0.09090909090909091,0.5454545454545454,0.34015067152490375,1.648001010741537
DerJagerIPAMusic.txt,line 13,0.36363636363636365,0.2727272727272727,0.36363636363636365,0.25712973861328997,1.2457716670871977
DerJagerIPAMusic.txt,line 14,0.7272727272727273,0.2727272727272727,0.0,0.51425947722658,2.4915433341743958
DerJagerIPAMusic.txt,line 15,0.36363636363636365,0.2727272727272727,0.36363636363636365,0.51425947722658,2.4915433341743958
DerJagerIPAMusic.txt,line 16,0.2727272727272727,0.09090909090909091,0.6363636363636364,0.34015067152490375,1.648001010741537
DerJagerIPAMusic.txt,line 17,0.36363636363636365,0.2727272727272727,0.36363636363636365,0.34015067152490375,1.648001010741537
DerJagerIPAMusic.txt,line 18,0.2727272727272727,0.18181818181818182,0.5454545454545454,0.22268088570756162,1.0788699110124036
DerJagerIPAMusic.txt,line 19,0.36363636363636365,0.36363636363636365,0.2727272727272727,0.34015067152490375,1.648001010741537
DerJagerIPAMusic.txt,line 20,0.36363636363636365,0.2727272727272727,0.36363636363636365,0.12856486930664504,0.622885833543599
DerJagerIPAMusic.txt,line 21,0.45454545454545453,0.18181818181818182,0.36363636363636365,0.12856486930664496,0.6228858335435987
DerJagerIPAMusic.txt,line 22,0.4,0.3,0.3,0.14488524955008386,0.7019566847528528
DerJagerIPAMusic.txt,line 23,0.6363636363636364,0.18181818181818182,0.18181818181818182,0.28948515141983006,1.4025308843161246
DerJagerIPAMusic.txt,line 24,0.5555555555555556,0.2222222222222222,0.2222222222222222,0.09896928253669401,0.4794977382277348
DerJagerIPAMusic.txt,line 24,0.5555555555555556,0.2222222222222222,0.2222222222222222,0.09896928253669401,0.4794977382277348
DerMullerUndDerBachIPAMusic.txt,line 1,0.16666666666666666,0.3333333333333333,0.5,NULL,NULL
DerMullerUndDerBachIPAMusic.txt,line 2,0.6,0.2,0.2,0.5436502143433364,0.7115047434174862
DerMullerUndDerBachIPAMusic.txt,line 3,0.3333333333333333,0.3333333333333333,0.3333333333333333,0.3265986323710904,0.42743747725065684
DerMullerUndDerBachIPAMusic.txt,line 4,0.5,0.25,0.25,0.2041241452319315,0.26714842328166055
DerMullerUndDerBachIPAMusic.txt,line 5,0.5,0.16666666666666666,0.3333333333333333,0.11785113019775792,0.1542382140952508
DerMullerUndDerBachIPAMusic.txt,line 6,0.5,0.0,0.5,0.23570226039551584,0.3084764281905016
DerMullerUndDerBachIPAMusic.txt,line 7,0.16666666666666666,0.3333333333333333,0.5,0.4714045207910317,0.6169528563810032
DerMullerUndDerBachIPAMusic.txt,line 8,0.6,0.2,0.2,0.5436502143433364,0.7115047434174862
DerMullerUndDerBachIPAMusic.txt,line 9,0.16666666666666666,0.16666666666666666,0.6666666666666666,0.6377042156569663,0.8345983545418252
DerMullerUndDerBachIPAMusic.txt,line 10,0.6,0.2,0.2,0.6377042156569663,0.8345983545418252
DerMullerUndDerBachIPAMusic.txt,line 11,0.6666666666666666,0.3333333333333333,0.0,0.24944382578492943,0.32646076572701666
DerMullerUndDerBachIPAMusic.txt,line 12,0.8,0.2,0.0,0.1885618083164127,0.24678114255240133
DerMullerUndDerBachIPAMusic.txt,line 13,0.6666666666666666,0.16666666666666666,0.16666666666666666,0.21602468994692872,0.28272331645851667
DerMullerUndDerBachIPAMusic.txt,line 14,0.5,0.0,0.5,0.408248290463863,0.5342968465633211
DerMullerUndDerBachIPAMusic.txt,line 15,0.0,0.16666666666666666,0.8333333333333334,0.6236095644623236,0.8161519143175417
DerMullerUndDerBachIPAMusic.txt,line 16,0.4,0.2,0.4,0.590668171555645,0.7730397133296488
DerMullerUndDerBachIPAMusic.txt,line 17,0.0,0.16666666666666666,0.8333333333333334,0.590668171555645,0.7730397133296488
DerMullerUndDerBachIPAMusic.txt,line 18,0.4,0.2,0.4,0.590668171555645,0.7730397133296488
DerMullerUndDerBachIPAMusic.txt,line 19,0.3333333333333333,0.3333333333333333,0.3333333333333333,0.16329931618554522,0.21371873862532845
DerMullerUndDerBachIPAMusic.txt,line 20,0.4,0.0,0.6,0.43204937989385733,0.5654466329170332
DerMullerUndDerBachIPAMusic.txt,line 21,0.5,0.3333333333333333,0.16666666666666666,0.5557777333511023,0.7273766902543575
DerMullerUndDerBachIPAMusic.txt,line 22,0.0,0.25,0.75,0.7728015412913087,1.0114076070277376
DerMullerUndDerBachIPAMusic.txt,line 23,0.2857142857142857,0.2857142857142857,0.42857142857142855,0.43153735619980615,0.5647765195289615
DerMullerUndDerBachIPAMusic.txt,line 24,0.6,0.2,0.2,0.39795395077668905,0.5208240816778658
DerMullerUndDerBachIPAMusic.txt,line 25,0.3333333333333333,0.3333333333333333,0.3333333333333333,0.3265986323710904,0.42743747725065684
DerMullerUndDerBachIPAMusic.txt,line 26,0.4,0.2,0.4,0.16329931618554522,0.21371873862532845
DerMullerUndDerBachIPAMusic.txt,line 27,0.3333333333333333,0.3333333333333333,0.3333333333333333,0.16329931618554522,0.21371873862532845
DerMullerUndDerBachIPAMusic.txt,line 28,0.4,0.2,0.4,0.16329931618554522,0.21371873862532845
DerMullerUndDerBachIPAMusic.txt,line 29,0.14285714285714285,0.14285714285714285,0.7142857142857143,0.410077145554495,0.5366903691586898
DerMullerUndDerBachIPAMusic.txt,line 30,0.6,0.0,0.4,0.5728553615932406,0.7497271155462496
DerMullerUndDerBachIPAMusic.txt,line 31,0.14285714285714285,0.14285714285714285,0.7142857142857143,0.5728553615932406,0.7497271155462496
DerMullerUndDerBachIPAMusic.txt,line 32,0.75,0.25,0.0,0.9435603438302076,1.2348889830692582
DerMullerUndDerBachIPAMusic.txt,line 33,0.3333333333333333,0.3333333333333333,0.3333333333333333,0.5400617248673217,0.7068082911462916
DerMullerUndDerBachIPAMusic.txt,line 34,0.75,0.25,0.0,0.5400617248673217,0.7068082911462916
DerMullerUndDerBachIPAMusic.txt,line 35,0.14285714285714285,0.14285714285714285,0.7142857142857143,0.9435603438302076,1.2348889830692582
DerMullerUndDerBachIPAMusic.txt,line 36,0.8,0.2,0.0,0.9722685444099175,1.272460973934959
DerMullerUndDerBachIPAMusic.txt,line 37,0.14285714285714285,0.14285714285714285,0.7142857142857143,0.9722685444099175,1.272460973934959
DerMullerUndDerBachIPAMusic.txt,line 38,0.8,0.2,0.0,0.9722685444099175,1.272460973934959
DerMullerUndDerBachIPAMusic.txt,line 38,0.8,0.2,0.0,0.9722685444099175,1.272460973934959
DerNeugierigeIPAMusic.txt,line 1,0.2857142857142857,0.42857142857142855,0.2857142857142857,NULL,NULL
DerNeugierigeIPAMusic.txt,line 2,0.16666666666666666,0.3333333333333333,0.5,0.26298478612350623,0.692955140387053
DerNeugierigeIPAMusic.txt,line 3,0.3333333333333333,0.3333333333333333,0.3333333333333333,0.23570226039551584,0.6210666987603412
DerNeugierigeIPAMusic.txt,line 4,0.5,0.0,0.5,0.408248290463863,1.0757190771419856
DerNeugierigeIPAMusic.txt,line 5,0.2857142857142857,0.14285714285714285,0.5714285714285714,0.2672612419124244,0.7042234425015985
DerNeugierigeIPAMusic.txt,line 6,0.6666666666666666,0.16666666666666666,0.16666666666666666,0.5563486402641868,1.4659579962825708
DerNeugierigeIPAMusic.txt,line 7,0.2857142857142857,0.14285714285714285,0.5714285714285714,0.5563486402641868,1.4659579962825708
DerNeugierigeIPAMusic.txt,line 8,0.3333333333333333,0.16666666666666666,0.5,0.08908708063747477,0.23474114750053277
DerNeugierigeIPAMusic.txt,line 9,0.42857142857142855,0.14285714285714285,0.42857142857142855,0.12140522651411392,0.31989826112336534
DerNeugierigeIPAMusic.txt,line 10,0.8333333333333334,0.0,0.16666666666666666,0.5028264781414971,1.324929087674416
DerNeugierigeIPAMusic.txt,line 11,0.42857142857142855,0.2857142857142857,0.2857142857142857,0.50954606092935,1.3426349386581768
DerNeugierigeIPAMusic.txt,line 12,0.5,0.16666666666666666,0.3333333333333333,0.14677176197545183,0.3867381395849636
DerNeugierigeIPAMusic.txt,line 13,0.5,0.16666666666666666,0.3333333333333333,0.0,0.0
DerNeugierigeIPAMusic.txt,line 14,0.0,0.2857142857142857,0.7142857142857143,0.6397632782164001,1.6857524680637832
DerNeugierigeIPAMusic.txt,line 15,0.0,0.3333333333333333,0.6666666666666666,0.06734350297014742,0.17744762821724044
DerNeugierigeIPAMusic.txt,line 16,0.5714285714285714,0.14285714285714285,0.2857142857142857,0.7126966450997984,1.8779291800042628
DerNeugierigeIPAMusic.txt,line 17,0.3333333333333333,0.16666666666666666,0.5,0.3212080372198105,0.8463712437744266
DerNeugierigeIPAMusic.txt,line 18,0.5714285714285714,0.14285714285714285,0.2857142857142857,0.3212080372198105,0.8463712437744266
DerNeugierigeIPAMusic.txt,line 19,0.3333333333333333,0.16666666666666666,0.5,0.3212080372198105,0.8463712437744266
DerNeugierigeIPAMusic.txt,line 20,0.42857142857142855,0.14285714285714285,0.42857142857142855,0.12140522651411392,0.31989826112336534
DerNeugierigeIPAMusic.txt,line 21,0.8333333333333334,0.0,0.16666666666666666,0.5028264781414971,1.324929087674416
DerNeugierigeIPAMusic.txt,line 22,0.2857142857142857,0.2857142857142857,0.42857142857142855,0.6709048954097796,1.7678094723194726
DerNeugierigeIPAMusic.txt,line 23,0.5,0.0,0.5,0.3642156795423418,0.9596947833700961
DerNeugierigeIPAMusic.txt,line 24,0.5,0.0,0.5,0.0,0.0
DerNeugierigeIPAMusic.txt,line 24,0.5,0.0,0.5,0.0,0.0
DesBachesWiegenliedIPAMusic.txt,line 1,0.6666666666666666,0.3333333333333333,0.0,NULL,NULL
DesBachesWiegenliedIPAMusic.txt,line 2,0.6,0.2,0.2,0.24944382578492943,0.2560326832239096
DesBachesWiegenliedIPAMusic.txt,line 3,0.6666666666666666,0.3333333333333333,0.0,0.24944382578492943,0.2560326832239096
DesBachesWiegenliedIPAMusic.txt,line 4,0.6,0.2,0.2,0.24944382578492943,0.2560326832239096
DesBachesWiegenliedIPAMusic.txt,line 5,0.5555555555555556,0.2222222222222222,0.2222222222222222,0.05443310539518168,0.05587091196458165
DesBachesWiegenliedIPAMusic.txt,line 6,0.75,0.0,0.25,0.2965855070008697,0.30441957392133645
DesBachesWiegenliedIPAMusic.txt,line 7,0.4,0.2,0.4,0.4301162633521313,0.44147743748621265
DesBachesWiegenliedIPAMusic.txt,line 8,0.75,0.0,0.25,0.4301162633521313,0.44147743748621265
DesBachesWiegenliedIPAMusic.txt,line 9,0.4,0.2,0.4,0.4301162633521313,0.44147743748621265
DesBachesWiegenliedIPAMusic.txt,line 10,0.5,0.1,0.4,0.1414213562373095,0.1451568872817951
DesBachesWiegenliedIPAMusic.txt,line 11,0.5,0.1,0.4,0.0,0.0
DesBachesWiegenliedIPAMusic.txt,line 12,0.6,0.2,0.2,0.24494897427831783,0.2514191038406177
DesBachesWiegenliedIPAMusic.txt,line 13,0.25,0.25,0.5,0.4636809247747852,0.4759286823647031
DesBachesWiegenliedIPAMusic.txt,line 14,0.6,0.2,0.2,0.4636809247747852,0.4759286823647031
DesBachesWiegenliedIPAMusic.txt,line 15,0.25,0.25,0.5,0.4636809247747852,0.4759286823647031
DesBachesWiegenliedIPAMusic.txt,line 16,0.2727272727272727,0.36363636363636365,0.36363636363636365,0.17895472440935933,0.1836816690970257
DesBachesWiegenliedIPAMusic.txt,line 17,0.0,0.0,1.0,0.7820295697311479,0.8026862499749322
DesBachesWiegenliedIPAMusic.txt,line 18,0.25,0.25,0.5,0.6123724356957945,0.6285477596015442
DesBachesWiegenliedIPAMusic.txt,line 19,0.0,0.0,1.0,0.6123724356957945,0.6285477596015442
DesBachesWiegenliedIPAMusic.txt,line 20,0.25,0.25,0.5,0.6123724356957945,0.6285477596015442
DesBachesWiegenliedIPAMusic.txt,line 21,0.5,0.3,0.2,0.39370039370059057,0.4040996720134566
DesBachesWiegenliedIPAMusic.txt,line 22,0.5,0.3,0.2,0.0,0.0
DesBachesWiegenliedIPAMusic.txt,line 23,0.0,0.0,1.0,0.9899494936611666,1.0160982109725656
DesBachesWiegenliedIPAMusic.txt,line 24,0.4,0.2,0.4,0.7483314773547883,0.7680980496717288
DesBachesWiegenliedIPAMusic.txt,line 25,0.0,0.0,1.0,0.7483314773547883,0.7680980496717288
DesBachesWiegenliedIPAMusic.txt,line 26,0.4,0.2,0.4,0.7483314773547883,0.7680980496717288
DesBachesWiegenliedIPAMusic.txt,line 27,0.6363636363636364,0.18181818181818182,0.18181818181818182,0.32218263903035177,0.33069283354491025
DesBachesWiegenliedIPAMusic.txt,line 28,0.5,0.0,0.5,0.39101478486557395,0.4013431249874661
DesBachesWiegenliedIPAMusic.txt,line 29,0.2,0.4,0.4,0.5099019513592785,0.5233706000812589
DesBachesWiegenliedIPAMusic.txt,line 30,0.5,0.0,0.5,0.5099019513592785,0.5233706000812589
DesBachesWiegenliedIPAMusic.txt,line 31,0.2,0.4,0.4,0.5099019513592785,0.5233706000812589
DesBachesWiegenliedIPAMusic.txt,line 32,0.36363636363636365,0.2727272727272727,0.36363636363636365,0.2104697618689132,0.2160291508488033
DesBachesWiegenliedIPAMusic.txt,line 33,0.36363636363636365,0.2727272727272727,0.36363636363636365,0.0,0.0
DesBachesWiegenliedIPAMusic.txt,line 34,1.0,0.0,0.0,0.7820295697311479,0.8026862499749322
DesBachesWiegenliedIPAMusic.txt,line 35,0.6,0.2,0.2,0.48989794855663565,0.5028382076812354
DesBachesWiegenliedIPAMusic.txt,line 36,1.0,0.0,0.0,0.48989794855663565,0.5028382076812354
DesBachesWiegenliedIPAMusic.txt,line 37,0.13333333333333333,0.26666666666666666,0.6,1.0873004286866728,1.1160205924165834
DesBachesWiegenliedIPAMusic.txt,line 38,0.5,0.0,0.5,0.4642796092394707,0.47654318059658185
DesBachesWiegenliedIPAMusic.txt,line 39,0.25,0.0,0.75,0.3535533905932738,0.36289221820448775
DesBachesWiegenliedIPAMusic.txt,line 40,0.5,0.0,0.5,0.3535533905932738,0.36289221820448775
DesBachesWiegenliedIPAMusic.txt,line 41,0.25,0.0,0.75,0.3535533905932738,0.36289221820448775
DesBachesWiegenliedIPAMusic.txt,line 42,0.3,0.3,0.4,0.4636809247747852,0.4759286823647031
DesBachesWiegenliedIPAMusic.txt,line 43,0.3,0.3,0.4,0.0,0.0
DesBachesWiegenliedIPAMusic.txt,line 44,0.3333333333333333,0.3333333333333333,0.3333333333333333,0.08164965809277264,0.0838063679468726
DesBachesWiegenliedIPAMusic.txt,line 45,0.25,0.25,0.5,0.2041241452319315,0.2095159198671814
DesBachesWiegenliedIPAMusic.txt,line 46,0.3333333333333333,0.3333333333333333,0.3333333333333333,0.2041241452319315,0.2095159198671814
DesBachesWiegenliedIPAMusic.txt,line 47,0.25,0.25,0.5,0.2041241452319315,0.2095159198671814
DesBachesWiegenliedIPAMusic.txt,line 48,0.0,0.2,0.8,0.39370039370059057,0.4040996720134566
DesBachesWiegenliedIPAMusic.txt,line 49,0.25,0.0,0.75,0.32403703492039304,0.33259621180649934
DesBachesWiegenliedIPAMusic.txt,line 50,0.5,0.25,0.25,0.6123724356957945,0.6285477596015442
DesBachesWiegenliedIPAMusic.txt,line 51,0.25,0.0,0.75,0.6123724356957945,0.6285477596015442
DesBachesWiegenliedIPAMusic.txt,line 52,0.5,0.25,0.25,0.6123724356957945,0.6285477596015442
DesBachesWiegenliedIPAMusic.txt,line 53,0.6666666666666666,0.16666666666666666,0.16666666666666666,0.20412414523193148,0.20951591986718138
DesBachesWiegenliedIPAMusic.txt,line 54,0.6666666666666666,0.16666666666666666,0.16666666666666666,0.0,0.0
DesBachesWiegenliedIPAMusic.txt,line 54,0.6666666666666666,0.16666666666666666,0.16666666666666666,0.0,0.0
DesMullersBlumenIPAMusic.txt,line 1,0.375,0.25,0.375,NULL,NULL
DesMullersBlumenIPAMusic.txt,line 2,0.125,0.375,0.5,0.30618621784789724,1.3045889134617272
DesMullersBlumenIPAMusic.txt,line 3,0.625,0.0,0.375,0.6373774391990981,2.715718384433743
DesMullersBlumenIPAMusic.txt,line 4,0.375,0.125,0.5,0.30618621784789724,1.3045889134617272
DesMullersBlumenIPAMusic.txt,line 5,0.42857142857142855,0.2857142857142857,0.2857142857142857,0.2731617596567563,1.1638793076144613
DesMullersBlumenIPAMusic.txt,line 6,0.42857142857142855,0.2857142857142857,0.2857142857142857,0.0,0.0
DesMullersBlumenIPAMusic.txt,line 7,0.375,0.375,0.25,0.11007882148158886,0.46902049060599055
DesMullersBlumenIPAMusic.txt,line 8,0.4444444444444444,0.2222222222222222,0.3333333333333333,0.18737135504488944,0.7983461640108652
DesMullersBlumenIPAMusic.txt,line 9,0.375,0.125,0.5,0.20506698694768613,0.8737431735802388
DesMullersBlumenIPAMusic.txt,line 10,0.5,0.125,0.375,0.1767766952966369,0.7532047603689298
DesMullersBlumenIPAMusic.txt,line 11,0.42857142857142855,0.14285714285714285,0.42857142857142855,0.09105391988558545,0.38795976920482045
DesMullersBlumenIPAMusic.txt,line 12,0.42857142857142855,0.14285714285714285,0.42857142857142855,0.0,0.0
DesMullersBlumenIPAMusic.txt,line 13,0.5,0.0,0.5,0.1749635530559413,0.7454793791209872
DesMullersBlumenIPAMusic.txt,line 14,0.625,0.25,0.125,0.46770717334674267,1.9927924822461867
DesMullersBlumenIPAMusic.txt,line 15,0.25,0.25,0.5,0.5303300858899106,2.259614281106789
DesMullersBlumenIPAMusic.txt,line 16,0.625,0.0,0.375,0.46770717334674267,1.9927924822461867
DesMullersBlumenIPAMusic.txt,line 17,0.2857142857142857,0.14285714285714285,0.5714285714285714,0.41726148019814013,1.7778550089786875
DesMullersBlumenIPAMusic.txt,line 18,0.2857142857142857,0.14285714285714285,0.5714285714285714,0.0,0.0
DesMullersBlumenIPAMusic.txt,line 19,0.625,0.125,0.25,0.46770717334674267,1.9927924822461867
DesMullersBlumenIPAMusic.txt,line 20,0.5,0.125,0.375,0.1767766952966369,0.7532047603689298
DesMullersBlumenIPAMusic.txt,line 21,0.25,0.25,0.5,0.30618621784789724,1.3045889134617272
DesMullersBlumenIPAMusic.txt,line 22,0.0,0.375,0.625,0.30618621784789724,1.3045889134617272
DesMullersBlumenIPAMusic.txt,line 23,0.42857142857142855,0.14285714285714285,0.42857142857142855,0.5254978203415057,2.2390251112033814
DesMullersBlumenIPAMusic.txt,line 24,0.42857142857142855,0.14285714285714285,0.42857142857142855,0.0,0.0
DesMullersBlumenIPAMusic.txt,line 24,0.42857142857142855,0.14285714285714285,0.42857142857142855,0.0,0.0
DieBoseFarbeIPAMusic.txt,line 1,0.5555555555555556,0.1111111111111111,0.3333333333333333,NULL,NULL
DieBoseFarbeIPAMusic.txt,line 2,0.42857142857142855,0.14285714285714285,0.42857142857142855,0.16187363535215193,0.41217425490060994
DieBoseFarbeIPAMusic.txt,line 3,0.75,0.0,0.25,0.3944771791852593,1.0044460733352965
DieBoseFarbeIPAMusic.txt,line 4,0.2857142857142857,0.14285714285714285,0.5714285714285714,0.5824823725107174,1.4831583744940762
DieBoseFarbeIPAMusic.txt,line 5,0.3333333333333333,0.3333333333333333,0.3333333333333333,0.3086066999241838,0.7857965030677592
DieBoseFarbeIPAMusic.txt,line 6,0.3333333333333333,0.3333333333333333,0.3333333333333333,0.0,0.0
DieBoseFarbeIPAMusic.txt,line 7,0.3333333333333333,0.3333333333333333,0.3333333333333333,0.0,0.0
DieBoseFarbeIPAMusic.txt,line 8,0.16666666666666666,0.3333333333333333,0.5,0.23570226039551584,0.6001619926899342
DieBoseFarbeIPAMusic.txt,line 9,0.16666666666666666,0.3333333333333333,0.5,0.0,0.0
DieBoseFarbeIPAMusic.txt,line 10,0.5,0.25,0.25,0.42491829279939874,1.0819574191141008
DieBoseFarbeIPAMusic.txt,line 11,0.5,0.16666666666666666,0.3333333333333333,0.11785113019775792,0.3000809963449671
DieBoseFarbeIPAMusic.txt,line 12,0.5,0.125,0.375,0.05892556509887897,0.15004049817248358
DieBoseFarbeIPAMusic.txt,line 13,0.3333333333333333,0.3333333333333333,0.3333333333333333,0.27003086243366087,0.6875719401842894
DieBoseFarbeIPAMusic.txt,line 14,0.0,0.4,0.6,0.43204937989385733,1.1001151042948627
DieBoseFarbeIPAMusic.txt,line 15,0.5555555555555556,0.3333333333333333,0.1111111111111111,0.7430334887689106,1.8919651364675123
DieBoseFarbeIPAMusic.txt,line 16,0.8571428571428571,0.14285714285714285,0.0,0.37360642209332756,0.9513034554230941
DieBoseFarbeIPAMusic.txt,line 17,0.3,0.2,0.5,0.750781905341195,1.9116947102204775
DieBoseFarbeIPAMusic.txt,line 18,0.16666666666666666,0.3333333333333333,0.5,0.18856180831641264,0.4801295941519473
DieBoseFarbeIPAMusic.txt,line 19,0.16666666666666666,0.3333333333333333,0.5,0.0,0.0
DieBoseFarbeIPAMusic.txt,line 20,0.125,0.0,0.875,0.5034602488997738,1.2819465783350077
DieBoseFarbeIPAMusic.txt,line 21,0.3333333333333333,0.16666666666666666,0.5,0.46022337571613586,1.1718537522245127
DieBoseFarbeIPAMusic.txt,line 22,0.5,0.0,0.5,0.23570226039551584,0.6001619926899342
DieBoseFarbeIPAMusic.txt,line 23,0.2857142857142857,0.14285714285714285,0.5714285714285714,0.2672612419124244,0.680519733861656
DieBoseFarbeIPAMusic.txt,line 24,0.625,0.125,0.25,0.46770717334674267,1.190909534257898
DieBoseFarbeIPAMusic.txt,line 25,0.3333333333333333,0.3333333333333333,0.3333333333333333,0.36799003609699366,0.9370026107658584
DieBoseFarbeIPAMusic.txt,line 26,0.3333333333333333,0.3333333333333333,0.3333333333333333,0.0,0.0
DieBoseFarbeIPAMusic.txt,line 27,0.5,0.125,0.375,0.27003086243366087,0.6875719401842894
DieBoseFarbeIPAMusic.txt,line 28,0.3333333333333333,0.16666666666666666,0.5,0.21245914639969937,0.5409787095570504
DieBoseFarbeIPAMusic.txt,line 29,0.5,0.125,0.375,0.21245914639969937,0.5409787095570504
DieBoseFarbeIPAMusic.txt,line 30,0.3333333333333333,0.16666666666666666,0.5,0.21245914639969937,0.5409787095570504
DieBoseFarbeIPAMusic.txt,line 31,0.3333333333333333,0.16666666666666666,0.5,0.0,0.0
DieBoseFarbeIPAMusic.txt,line 31,0.3333333333333333,0.16666666666666666,0.5,0.0,0.0
DieLiebeFarbeIPAMusic.txt,line 1,0.7142857142857143,0.14285714285714285,0.14285714285714285,NULL,NULL
DieLiebeFarbeIPAMusic.txt,line 2,0.2857142857142857,0.42857142857142855,0.2857142857142857,0.5345224838248488,1.3568674924597959
DieLiebeFarbeIPAMusic.txt,line 3,0.3333333333333333,0.0,0.6666666666666666,0.5753831415997416,1.4605909090288243
DieLiebeFarbeIPAMusic.txt,line 4,0.3333333333333333,0.0,0.6666666666666666,0.0,0.0
DieLiebeFarbeIPAMusic.txt,line 5,0.3333333333333333,0.3333333333333333,0.3333333333333333,0.4714045207910317,1.1966446490388094
DieLiebeFarbeIPAMusic.txt,line 6,0.2,0.3,0.5,0.21602468994692867,0.5483714684184209
DieLiebeFarbeIPAMusic.txt,line 7,0.3333333333333333,0.0,0.6666666666666666,0.3681787005729087,0.9346093482330793
DieLiebeFarbeIPAMusic.txt,line 8,0.3333333333333333,0.0,0.6666666666666666,0.0,0.0
DieLiebeFarbeIPAMusic.txt,line 9,0.375,0.25,0.375,0.38640077064565426,0.9808654651883668
DieLiebeFarbeIPAMusic.txt,line 10,0.42857142857142855,0.14285714285714285,0.42857142857142855,0.13122266479195596,0.33310435672617517
DieLiebeFarbeIPAMusic.txt,line 11,0.14285714285714285,0.14285714285714285,0.7142857142857143,0.4040610178208843,1.0256954134618366
DieLiebeFarbeIPAMusic.txt,line 12,0.14285714285714285,0.14285714285714285,0.7142857142857143,0.0,0.0
DieLiebeFarbeIPAMusic.txt,line 13,0.5,0.1,0.4,0.4776643856371568,1.2125351071091985
DieLiebeFarbeIPAMusic.txt,line 14,0.6,0.2,0.2,0.24494897427831783,0.6217947992221937
DieLiebeFarbeIPAMusic.txt,line 15,0.14285714285714285,0.14285714285714285,0.7142857142857143,0.6904597699196898,1.752709090834589
DieLiebeFarbeIPAMusic.txt,line 16,0.14285714285714285,0.14285714285714285,0.7142857142857143,0.0,0.0
DieLiebeFarbeIPAMusic.txt,line 17,0.2857142857142857,0.14285714285714285,0.5714285714285714,0.20203050891044216,0.5128477067309183
DieLiebeFarbeIPAMusic.txt,line 18,0.42857142857142855,0.2857142857142857,0.2857142857142857,0.3499271061118826,0.8882782846031338
DieLiebeFarbeIPAMusic.txt,line 19,0.3333333333333333,0.0,0.6666666666666666,0.4856209060564557,1.2327324687482963
DieLiebeFarbeIPAMusic.txt,line 20,0.3333333333333333,0.0,0.6666666666666666,0.0,0.0
DieLiebeFarbeIPAMusic.txt,line 21,0.25,0.0,0.75,0.11785113019775793,0.29916116225970235
DieLiebeFarbeIPAMusic.txt,line 22,0.75,0.125,0.125,0.8100925873009825,2.0563930065690785
DieLiebeFarbeIPAMusic.txt,line 23,0.3333333333333333,0.0,0.6666666666666666,0.6947221666888778,1.7635290428311676
DieLiebeFarbeIPAMusic.txt,line 24,0.3333333333333333,0.0,0.6666666666666666,0.0,0.0
DieLiebeFarbeIPAMusic.txt,line 24,0.3333333333333333,0.0,0.6666666666666666,0.0,0.0
EifersuchtUndStolzIPAMusic.txt,line 1,0.5833333333333334,0.08333333333333333,0.3333333333333333,NULL,NULL
EifersuchtUndStolzIPAMusic.txt,line 2,0.25,0.25,0.5,0.4082482904638631,0.8627034598452256
EifersuchtUndStolzIPAMusic.txt,line 3,0.75,0.16666666666666666,0.08333333333333333,0.6561673228343176,1.3866018128412771
EifersuchtUndStolzIPAMusic.txt,line 4,0.3333333333333333,0.4166666666666667,0.25,0.5137011669140814,1.0855447147611166
EifersuchtUndStolzIPAMusic.txt,line 5,1.0,0.0,0.0,0.8249579113843055,1.7432872617036186
EifersuchtUndStolzIPAMusic.txt,line 6,1.0,0.0,0.0,0.0,0.0
EifersuchtUndStolzIPAMusic.txt,line 7,1.0,0.0,0.0,0.0,0.0
EifersuchtUndStolzIPAMusic.txt,line 8,0.4166666666666667,0.25,0.3333333333333333,0.7168604389202189,1.514857490719565
EifersuchtUndStolzIPAMusic.txt,line 9,0.3333333333333333,0.3333333333333333,0.3333333333333333,0.11785113019775793,0.24904103738623123
EifersuchtUndStolzIPAMusic.txt,line 10,0.4166666666666667,0.08333333333333333,0.5,0.3118047822311618,0.6589006511735069
EifersuchtUndStolzIPAMusic.txt,line 11,0.3333333333333333,0.08333333333333333,0.5833333333333334,0.11785113019775798,0.24904103738623132
EifersuchtUndStolzIPAMusic.txt,line 12,0.4166666666666667,0.08333333333333333,0.5,0.11785113019775798,0.24904103738623132
EifersuchtUndStolzIPAMusic.txt,line 13,0.3333333333333333,0.08333333333333333,0.5833333333333334,0.11785113019775798,0.24904103738623132
EifersuchtUndStolzIPAMusic.txt,line 14,0.5,0.0,0.5,0.2041241452319315,0.4313517299226127
EifersuchtUndStolzIPAMusic.txt,line 15,0.5,0.0,0.5,0.0,0.0
EifersuchtUndStolzIPAMusic.txt,line 16,0.5,0.0,0.5,0.0,0.0
EifersuchtUndStolzIPAMusic.txt,line 17,0.2727272727272727,0.2727272727272727,0.45454545454545453,0.35790944881871867,0.7563282615497875
EifersuchtUndStolzIPAMusic.txt,line 18,0.5,0.08333333333333333,0.4166666666666667,0.29825787401559894,0.6302735512914898
EifersuchtUndStolzIPAMusic.txt,line 19,0.6666666666666666,0.25,0.08333333333333333,0.408248290463863,0.8627034598452255
EifersuchtUndStolzIPAMusic.txt,line 20,0.5,0.07142857142857142,0.42857142857142855,0.42291237305551455,0.893691353935118
EifersuchtUndStolzIPAMusic.txt,line 21,0.625,0.1875,0.1875,0.2953184894382362,0.6240620929610083
EifersuchtUndStolzIPAMusic.txt,line 22,0.5,0.0,0.5,0.385275875185561,0.8141585360708373
EifersuchtUndStolzIPAMusic.txt,line 23,0.5,0.0,0.5,0.0,0.0
EifersuchtUndStolzIPAMusic.txt,line 24,0.5,0.0,0.5,0.0,0.0
EifersuchtUndStolzIPAMusic.txt,line 24,0.5,0.0,0.5,0.0,0.0
HaltIPAMusic.txt,line 1,0.5,0.375,0.125,NULL,NULL
HaltIPAMusic.txt,line 2,0.16666666666666666,0.16666666666666666,0.6666666666666666,0.6692657668420421,2.0761570586079623
HaltIPAMusic.txt,line 3,0.5,0.3333333333333333,0.16666666666666666,0.6236095644623235,1.934525061969087
HaltIPAMusic.txt,line 4,0.2,0.4,0.4,0.38586123009300755,1.19699610556926
HaltIPAMusic.txt,line 5,0.2,0.4,0.4,0.0,0.0
HaltIPAMusic.txt,line 6,0.25,0.25,0.5,0.18708286933869708,0.5803575185907262
HaltIPAMusic.txt,line 7,0.5,0.3333333333333333,0.16666666666666666,0.42491829279939874,1.3181566376684704
HaltIPAMusic.txt,line 8,0.25,0.25,0.5,0.42491829279939874,1.3181566376684704
HaltIPAMusic.txt,line 9,0.5,0.3333333333333333,0.16666666666666666,0.42491829279939874,1.3181566376684704
HaltIPAMusic.txt,line 10,0.5714285714285714,0.0,0.42857142857142855,0.42989214488732824,1.333586230264477
HaltIPAMusic.txt,line 11,0.5,0.16666666666666666,0.3333333333333333,0.20481726826291966,0.6353721321132854
HaltIPAMusic.txt,line 12,0.42857142857142855,0.2857142857142857,0.2857142857142857,0.14677176197545183,0.45530676261465103
HaltIPAMusic.txt,line 13,0.4,0.2,0.4,0.14568627181693672,0.45193941862918985
HaltIPAMusic.txt,line 14,0.3333333333333333,0.3333333333333333,0.3333333333333333,0.16329931618554522,0.506577573157856
HaltIPAMusic.txt,line 15,0.4,0.2,0.4,0.16329931618554522,0.506577573157856
HaltIPAMusic.txt,line 16,0.14285714285714285,0.14285714285714285,0.7142857142857143,0.410077145554495,1.27211730002875
HaltIPAMusic.txt,line 17,0.16666666666666666,0.16666666666666666,0.6666666666666666,0.05832118435198047,0.18092056184209154
HaltIPAMusic.txt,line 18,0.14285714285714285,0.14285714285714285,0.7142857142857143,0.05832118435198047,0.18092056184209154
HaltIPAMusic.txt,line 19,0.16666666666666666,0.16666666666666666,0.6666666666666666,0.05832118435198047,0.18092056184209154
HaltIPAMusic.txt,line 20,0.16666666666666666,0.16666666666666666,0.6666666666666666,0.0,0.0
HaltIPAMusic.txt,line 21,0.16666666666666666,0.16666666666666666,0.6666666666666666,0.0,0.0
HaltIPAMusic.txt,line 21,0.16666666666666666,0.16666666666666666,0.6666666666666666,0.0,0.0
MeinIPAMusic.txt,line 1,0.0,0.14285714285714285,0.8571428571428571,NULL,NULL
MeinIPAMusic.txt,line 2,0.14285714285714285,0.2857142857142857,0.5714285714285714,0.3499271061118826,0.5589586647032044
MeinIPAMusic.txt,line 3,0.5,0.125,0.375,0.438137290942332,0.6998618592967843
MeinIPAMusic.txt,line 4,0.6666666666666666,0.0,0.3333333333333333,0.21245914639969934,0.33937319716406483
MeinIPAMusic.txt,line 5,0.2857142857142857,0.2857142857142857,0.42857142857142855,0.48562090605645564,0.7757101649464339
MeinIPAMusic.txt,line 6,0.2857142857142857,0.2857142857142857,0.42857142857142855,0.0,0.0
MeinIPAMusic.txt,line 7,0.6666666666666666,0.0,0.3333333333333333,0.48562090605645564,0.7757101649464339
MeinIPAMusic.txt,line 8,0.3333333333333333,0.0,0.6666666666666666,0.4714045207910317,0.7530015162419607
MeinIPAMusic.txt,line 9,0.0,0.14285714285714285,0.8571428571428571,0.40963453652583937,0.6543327726077635
MeinIPAMusic.txt,line 10,0.6666666666666666,0.0,0.3333333333333333,0.8597842897746565,1.3733828278840947
MeinIPAMusic.txt,line 11,0.3333333333333333,0.0,0.6666666666666666,0.4714045207910317,0.7530015162419607
MeinIPAMusic.txt,line 12,0.0,0.14285714285714285,0.8571428571428571,0.40963453652583937,0.6543327726077635
MeinIPAMusic.txt,line 13,0.5454545454545454,0.2727272727272727,0.18181818181818182,0.8777529999332884,1.402085280655777
MeinIPAMusic.txt,line 14,0.46153846153846156,0.23076923076923078,0.3076923076923077,0.15699261762687863,0.2507733250276521
MeinIPAMusic.txt,line 15,0.36363636363636365,0.2727272727272727,0.36363636363636365,0.12031224149709967,0.19218165349318928
MeinIPAMusic.txt,line 16,0.1111111111111111,0.3333333333333333,0.5555555555555556,0.3229165123867835,0.5158130919889977
MeinIPAMusic.txt,line 17,0.42857142857142855,0.0,0.5714285714285714,0.46059105169990183,0.7357285409896384
MeinIPAMusic.txt,line 18,0.5,0.25,0.25,0.4134227465282223,0.6603838980209239
MeinIPAMusic.txt,line 19,0.4,0.2,0.4,0.18708286933869708,0.2988382123246188
MeinIPAMusic.txt,line 20,0.4,0.2,0.4,0.0,0.0
MeinIPAMusic.txt,line 21,0.0,0.14285714285714285,0.8571428571428571,0.610118757258932,0.9745777332230813
MeinIPAMusic.txt,line 22,0.14285714285714285,0.2857142857142857,0.5714285714285714,0.3499271061118826,0.5589586647032044
MeinIPAMusic.txt,line 23,0.5,0.125,0.375,0.438137290942332,0.6998618592967843
MeinIPAMusic.txt,line 24,0.6666666666666666,0.0,0.3333333333333333,0.21245914639969934,0.33937319716406483
MeinIPAMusic.txt,line 25,0.2857142857142857,0.2857142857142857,0.42857142857142855,0.48562090605645564,0.7757101649464339
MeinIPAMusic.txt,line 26,0.2857142857142857,0.2857142857142857,0.42857142857142855,0.0,0.0
MeinIPAMusic.txt,line 27,0.6666666666666666,0.0,0.3333333333333333,0.48562090605645564,0.7757101649464339
MeinIPAMusic.txt,line 28,0.3333333333333333,0.0,0.6666666666666666,0.4714045207910317,0.7530015162419607
MeinIPAMusic.txt,line 29,0.0,0.14285714285714285,0.8571428571428571,0.40963453652583937,0.6543327726077635
MeinIPAMusic.txt,line 30,0.6666666666666666,0.0,0.3333333333333333,0.8597842897746565,1.3733828278840947
MeinIPAMusic.txt,line 31,0.3333333333333333,0.0,0.6666666666666666,0.4714045207910317,0.7530015162419607
MeinIPAMusic.txt,line 32,0.0,0.14285714285714285,0.8571428571428571,0.40963453652583937,0.6543327726077635
MeinIPAMusic.txt,line 33,0.5454545454545454,0.2727272727272727,0.18181818181818182,0.8777529999332884,1.402085280655777
MeinIPAMusic.txt,line 34,0.5,0.21428571428571427,0.2857142857142857,0.1275771604181071,0.2037863257473158
MeinIPAMusic.txt,line 34,0.5,0.21428571428571427,0.2857142857142857,0.1275771604181071,0.2037863257473158
MitDemGrunenLautenbandeIPAMusic.txt,line 1,0.2857142857142857,0.2857142857142857,0.42857142857142855,NULL,NULL
MitDemGrunenLautenbandeIPAMusic.txt,line 2,0.25,0.0,0.75,0.43153735619980615,1.7508260300052034
MitDemGrunenLautenbandeIPAMusic.txt,line 3,0.5,0.0,0.5,0.3535533905932738,1.4344308096485914
MitDemGrunenLautenbandeIPAMusic.txt,line 4,0.5,0.0,0.5,0.0,0.0
MitDemGrunenLautenbandeIPAMusic.txt,line 5,0.625,0.125,0.25,0.30618621784789724,1.2422535211267605
MitDemGrunenLautenbandeIPAMusic.txt,line 6,0.5,0.0,0.5,0.30618621784789724,1.2422535211267605
MitDemGrunenLautenbandeIPAMusic.txt,line 7,0.3333333333333333,0.16666666666666666,0.5,0.23570226039551584,0.9562872064323943
MitDemGrunenLautenbandeIPAMusic.txt,line 8,0.3333333333333333,0.16666666666666666,0.5,0.0,0.0
MitDemGrunenLautenbandeIPAMusic.txt,line 9,0.25,0.25,0.5,0.11785113019775792,0.47814360321619714
MitDemGrunenLautenbandeIPAMusic.txt,line 10,0.25,0.25,0.5,0.0,0.0
MitDemGrunenLautenbandeIPAMusic.txt,line 11,0.3333333333333333,0.0,0.6666666666666666,0.31180478223116176,1.2650490650864008
MitDemGrunenLautenbandeIPAMusic.txt,line 12,0.3333333333333333,0.0,0.6666666666666666,0.0,0.0
MitDemGrunenLautenbandeIPAMusic.txt,line 13,0.625,0.25,0.125,0.6640573937712178,2.6942023760597564
MitDemGrunenLautenbandeIPAMusic.txt,line 14,0.5,0.125,0.375,0.30618621784789724,1.2422535211267605
MitDemGrunenLautenbandeIPAMusic.txt,line 15,0.3333333333333333,0.16666666666666666,0.5,0.21245914639969937,0.8619856392155536
MitDemGrunenLautenbandeIPAMusic.txt,line 16,0.3333333333333333,0.16666666666666666,0.5,0.0,0.0
MitDemGrunenLautenbandeIPAMusic.txt,line 17,0.5,0.25,0.25,0.3118047822311618,1.265049065086401
MitDemGrunenLautenbandeIPAMusic.txt,line 18,0.25,0.125,0.625,0.46770717334674267,1.8975735976296013
MitDemGrunenLautenbandeIPAMusic.txt,line 19,0.5,0.0,0.5,0.30618621784789724,1.2422535211267605
MitDemGrunenLautenbandeIPAMusic.txt,line 20,0.5,0.0,0.5,0.0,0.0
MitDemGrunenLautenbandeIPAMusic.txt,line 21,0.625,0.0,0.375,0.1767766952966369,0.7172154048242957
MitDemGrunenLautenbandeIPAMusic.txt,line 22,0.625,0.125,0.25,0.1767766952966369,0.7172154048242957
MitDemGrunenLautenbandeIPAMusic.txt,line 23,0.3333333333333333,0.0,0.6666666666666666,0.5237418787490222,2.1249166523906813
MitDemGrunenLautenbandeIPAMusic.txt,line 24,0.3333333333333333,0.0,0.6666666666666666,0.0,0.0
MitDemGrunenLautenbandeIPAMusic.txt,line 24,0.3333333333333333,0.0,0.6666666666666666,0.0,0.0
MorgengrussIPAMusic.txt,line 1,0.3333333333333333,0.4444444444444444,0.2222222222222222,NULL,NULL
MorgengrussIPAMusic.txt,line 2,0.375,0.125,0.5,0.42537202308648764,1.1311746308499975
MorgengrussIPAMusic.txt,line 3,0.2857142857142857,0.2857142857142857,0.42857142857142855,0.19723858959262966,0.5245086104932987
MorgengrussIPAMusic.txt,line 4,0.625,0.0,0.375,0.44678557154274295,1.1881188148949084
MorgengrussIPAMusic.txt,line 5,0.5,0.0,0.5,0.1767766952966369,0.4700951218985041
MorgengrussIPAMusic.txt,line 6,0.7142857142857143,0.2857142857142857,0.0,0.614451804788759,1.6339868532343969
MorgengrussIPAMusic.txt,line 7,0.6363636363636364,0.36363636363636365,0.0,0.11019845940569575,0.29304630975491175
MorgengrussIPAMusic.txt,line 8,0.5,0.125,0.375,0.46493801239724514,1.2363908672824324
MorgengrussIPAMusic.txt,line 9,0.25,0.375,0.375,0.3535533905932738,0.9401902437970082
MorgengrussIPAMusic.txt,line 10,0.0,0.2857142857142857,0.7142857142857143,0.4307977886362436,1.1456031499103023
MorgengrussIPAMusic.txt,line 11,0.25,0.25,0.5,0.331200660553418,0.880748532121056
MorgengrussIPAMusic.txt,line 12,0.625,0.125,0.25,0.46770717334674267,1.2437547850880357
MorgengrussIPAMusic.txt,line 13,0.2857142857142857,0.42857142857142855,0.2857142857142857,0.45666828044801505,1.214399503306441
MorgengrussIPAMusic.txt,line 14,0.3333333333333333,0.4166666666666667,0.25,0.06070261325705694,0.16142400631910003
MorgengrussIPAMusic.txt,line 15,0.375,0.375,0.25,0.05892556509887899,0.1566983739661681
MorgengrussIPAMusic.txt,line 16,0.375,0.375,0.25,0.0,0.0
MorgengrussIPAMusic.txt,line 17,0.2857142857142857,0.2857142857142857,0.42857142857142855,0.2187044413199266,0.5815918825132098
MorgengrussIPAMusic.txt,line 18,0.375,0.125,0.5,0.19723858959262966,0.5245086104932987
MorgengrussIPAMusic.txt,line 19,0.625,0.0,0.375,0.30618621784789724,0.8142286355184938
MorgengrussIPAMusic.txt,line 20,0.2857142857142857,0.42857142857142855,0.2857142857142857,0.5538593721168151,1.4728558456926677
MorgengrussIPAMusic.txt,line 21,0.25,0.4166666666666667,0.3333333333333333,0.06070261325705694,0.16142400631910003
MorgengrussIPAMusic.txt,line 22,0.5,0.25,0.25,0.3118047822311618,0.8291698567253573
MorgengrussIPAMusic.txt,line 23,0.625,0.0,0.375,0.30618621784789724,0.8142286355184938
MorgengrussIPAMusic.txt,line 24,0.14285714285714285,0.42857142857142855,0.42857142857142855,0.6473060342997092,1.7213547780669944
MorgengrussIPAMusic.txt,line 25,0.625,0.25,0.125,0.597080482046446,1.5877919966760548
MorgengrussIPAMusic.txt,line 26,0.5,0.25,0.25,0.1767766952966369,0.4700951218985041
MorgengrussIPAMusic.txt,line 27,0.42857142857142855,0.2857142857142857,0.2857142857142857,0.08748177652797065,0.23263675300528394
MorgengrussIPAMusic.txt,line 28,0.36363636363636365,0.2727272727272727,0.36363636363636365,0.10225984251963391,0.27193546668537416
MorgengrussIPAMusic.txt,line 28,0.36363636363636365,0.2727272727272727,0.36363636363636365,0.10225984251963391,0.27193546668537416
NachtUndTraumeIPAMusic.txt,line 1,0.375,0.375,0.25,NULL,NULL
NachtUndTraumeIPAMusic.txt,line 2,0.25,0.375,0.375,0.1767766952966369,1.0335051060013967
NachtUndTraumeIPAMusic.txt,line 3,0.625,0.125,0.25,0.46770717334674267,2.7343974891951435
NachtUndTraumeIPAMusic.txt,line 4,0.5555555555555556,0.3333333333333333,0.1111111111111111,0.25983731852596814,1.5191097162195242
NachtUndTraumeIPAMusic.txt,line 5,0.5714285714285714,0.2857142857142857,0.14285714285714285,0.059391387091649844,0.347225077993034
NachtUndTraumeIPAMusic.txt,line 6,0.5714285714285714,0.2857142857142857,0.14285714285714285,0.0,0.0
NachtUndTraumeIPAMusic.txt,line 7,0.2857142857142857,0.14285714285714285,0.5714285714285714,0.5345224838248488,3.1250257019373073
NachtUndTraumeIPAMusic.txt,line 8,0.2857142857142857,0.42857142857142855,0.2857142857142857,0.40406101782088427,2.362297385146049
NachtUndTraumeIPAMusic.txt,line 9,0.25,0.5,0.25,0.08748177652797065,0.5114523867075078
NachtUndTraumeIPAMusic.txt,line 10,0.25,0.5,0.25,0.0,0.0
NachtUndTraumeIPAMusic.txt,line 10,0.25,0.5,0.25,0.0,0.0
PauseIPAMusic.txt,line 1,0.18181818181818182,0.2727272727272727,0.5454545454545454,NULL,NULL
PauseIPAMusic.txt,line 2,0.45454545454545453,0.2727272727272727,0.2727272727272727,0.385694607919935,2.0547678640427725
PauseIPAMusic.txt,line 3,0.45454545454545453,0.09090909090909091,0.45454545454545453,0.25712973861329,1.369845242695182
PauseIPAMusic.txt,line 4,0.5,0.2,0.3,0.19455395053666089,1.0364760024549873
PauseIPAMusic.txt,line 5,0.3,0.4,0.3,0.28284271247461906,1.5068297669647002
PauseIPAMusic.txt,line 6,0.5555555555555556,0.1111111111111111,0.3333333333333333,0.3871389197818744,2.062462359995345
PauseIPAMusic.txt,line 7,0.6666666666666666,0.1111111111111111,0.2222222222222222,0.1571348402636772,0.837127648313722
PauseIPAMusic.txt,line 8,0.3333333333333333,0.0,0.6666666666666666,0.5665577237325317,3.018306660103711
PauseIPAMusic.txt,line 9,0.5,0.2,0.3,0.4496912521077347,2.3957066409493137
PauseIPAMusic.txt,line 10,0.3,0.1,0.6,0.37416573867739417,1.9933484157490033
PauseIPAMusic.txt,line 11,0.3,0.1,0.6,0.0,0.0
PauseIPAMusic.txt,line 12,0.45454545454545453,0.2727272727272727,0.2727272727272727,0.40103172727477776,2.136475565758585
PauseIPAMusic.txt,line 13,0.45454545454545453,0.2727272727272727,0.2727272727272727,0.0,0.0
PauseIPAMusic.txt,line 14,0.5,0.3333333333333333,0.16666666666666666,0.13033826162185796,0.6943702762144601
PauseIPAMusic.txt,line 15,0.5,0.16666666666666666,0.3333333333333333,0.23570226039551584,1.2556914724705832
PauseIPAMusic.txt,line 16,0.36363636363636365,0.09090909090909091,0.5454545454545454,0.2633052605603449,1.4027450130832952
PauseIPAMusic.txt,line 17,0.36363636363636365,0.2727272727272727,0.36363636363636365,0.25712973861328997,1.3698452426951817
PauseIPAMusic.txt,line 18,0.3,0.2,0.5,0.16713433009863848,0.8903994077518681
PauseIPAMusic.txt,line 19,0.4,0.1,0.5,0.14142135623730953,0.7534148834823501
PauseIPAMusic.txt,line 20,0.3,0.2,0.5,0.14142135623730953,0.7534148834823501
PauseIPAMusic.txt,line 21,0.4,0.1,0.5,0.14142135623730953,0.7534148834823501
PauseIPAMusic.txt,line 21,0.4,0.1,0.5,0.14142135623730953,0.7534148834823501
TranenregenIPAMusic.txt,line 1,0.3333333333333333,0.2222222222222222,0.4444444444444444,NULL,NULL
TranenregenIPAMusic.txt,line 2,0.3333333333333333,0.3333333333333333,0.3333333333333333,0.15713484026367722,0.394600033757433
TranenregenIPAMusic.txt,line 3,0.4444444444444444,0.2222222222222222,0.3333333333333333,0.15713484026367722,0.394600033757433
TranenregenIPAMusic.txt,line 4,0.75,0.0,0.25,0.3868996743662256,0.9715899052652253
TranenregenIPAMusic.txt,line 5,0.14285714285714285,0.2857142857142857,0.5714285714285714,0.7440238091428449,1.86840690270499
TranenregenIPAMusic.txt,line 6,0.3333333333333333,0.16666666666666666,0.5,0.2357022603955158,0.5919000506361495
TranenregenIPAMusic.txt,line 7,0.4444444444444444,0.2222222222222222,0.3333333333333333,0.20786985482077452,0.5220067783299301
TranenregenIPAMusic.txt,line 8,0.5555555555555556,0.3333333333333333,0.1111111111111111,0.2721655269759087,0.6834673071362681
TranenregenIPAMusic.txt,line 9,0.14285714285714285,0.2857142857142857,0.5714285714285714,0.6200642852261781,1.5571173615695417
TranenregenIPAMusic.txt,line 10,0.0,0.3333333333333333,0.6666666666666666,0.1781741612749496,0.4474343814256544
TranenregenIPAMusic.txt,line 11,0.375,0.375,0.25,0.5621140651346683,1.4115916540562454
TranenregenIPAMusic.txt,line 12,0.14285714285714285,0.2857142857142857,0.5714285714285714,0.40642166702646576,1.0206139087886745
TranenregenIPAMusic.txt,line 13,0.5555555555555556,0.3333333333333333,0.1111111111111111,0.6200642852261781,1.5571173615695417
TranenregenIPAMusic.txt,line 14,0.375,0.125,0.5,0.4766945083814032,1.1970844198755717
TranenregenIPAMusic.txt,line 15,0.4444444444444444,0.2222222222222222,0.3333333333333333,0.20506698694768613,0.5149681626067564
TranenregenIPAMusic.txt,line 16,0.625,0.25,0.125,0.2770824631008334,0.6958148117229193
TranenregenIPAMusic.txt,line 17,0.5714285714285714,0.14285714285714285,0.2857142857142857,0.20044593143431827,0.5033636791038612
TranenregenIPAMusic.txt,line 18,0.5,0.3333333333333333,0.16666666666666666,0.2357022603955158,0.5919000506361495
TranenregenIPAMusic.txt,line 19,0.625,0.25,0.125,0.15590239111558088,0.3915050837474476
TranenregenIPAMusic.txt,line 20,0.5,0.3333333333333333,0.16666666666666666,0.15590239111558088,0.3915050837474476
TranenregenIPAMusic.txt,line 21,0.4444444444444444,0.3333333333333333,0.2222222222222222,0.07856742013183864,0.1973000168787166
TranenregenIPAMusic.txt,line 22,0.375,0.25,0.375,0.18737135504488944,0.4705305513520818
TranenregenIPAMusic.txt,line 23,0.75,0.25,0.0,0.5303300858899106,1.3317751139313365
TranenregenIPAMusic.txt,line 24,0.125,0.5,0.375,0.770551750371122,1.9350243790496875
TranenregenIPAMusic.txt,line 25,0.4444444444444444,0.3333333333333333,0.2222222222222222,0.39136118898903804,0.9827937466145842
TranenregenIPAMusic.txt,line 26,0.375,0.125,0.5,0.3540985773328323,0.8892191593826537
TranenregenIPAMusic.txt,line 27,0.2857142857142857,0.14285714285714285,0.5714285714285714,0.11572751247156893,0.29061715563089463
TranenregenIPAMusic.txt,line 28,0.5,0.0,0.5,0.2672612419124244,0.6711515721384816
TranenregenIPAMusic.txt,line 28,0.5,0.0,0.5,0.2672612419124244,0.6711515721384816
TrockneBlumenIPAMusic.txt,line 1,0.4,0.2,0.4,NULL,NULL
TrockneBlumenIPAMusic.txt,line 2,0.75,0.0,0.25,0.4301162633521313,0.5429349886689758
TrockneBlumenIPAMusic.txt,line 3,0.2,0.2,0.6,0.6819090848492928,0.8607726161538268
TrockneBlumenIPAMusic.txt,line 4,0.75,0.0,0.25,0.6819090848492928,0.8607726161538268
TrockneBlumenIPAMusic.txt,line 5,0.6,0.2,0.2,0.25495097567963926,0.3218241598515072
TrockneBlumenIPAMusic.txt,line 6,0.75,0.0,0.25,0.25495097567963926,0.3218241598515072
TrockneBlumenIPAMusic.txt,line 7,0.4,0.2,0.4,0.4301162633521313,0.5429349886689758
TrockneBlumenIPAMusic.txt,line 8,0.75,0.25,0.0,0.5338539126015656,0.6738828374688175
TrockneBlumenIPAMusic.txt,line 9,0.4,0.2,0.4,0.5338539126015656,0.6738828374688175
TrockneBlumenIPAMusic.txt,line 10,0.5,0.0,0.5,0.2449489742783178,0.3091986514013705
TrockneBlumenIPAMusic.txt,line 11,0.4,0.2,0.4,0.2449489742783178,0.3091986514013705
TrockneBlumenIPAMusic.txt,line 12,0.5,0.0,0.5,0.2449489742783178,0.3091986514013705
TrockneBlumenIPAMusic.txt,line 13,0.0,0.4,0.6,0.6480740698407861,0.8180627373245795
TrockneBlumenIPAMusic.txt,line 14,0.5,0.25,0.25,0.6284902544988268,0.7933421223031542
TrockneBlumenIPAMusic.txt,line 15,0.3333333333333333,0.5,0.16666666666666666,0.3118047822311618,0.3935906180069567
TrockneBlumenIPAMusic.txt,line 16,1.0,0.0,0.0,0.8498365855987975,1.072747199505024
TrockneBlumenIPAMusic.txt,line 17,0.4,0.2,0.4,0.7483314773547883,0.944617483216696
TrockneBlumenIPAMusic.txt,line 18,0.8,0.2,0.0,0.5656854249492381,0.7140636984786022
TrockneBlumenIPAMusic.txt,line 19,0.6,0.2,0.2,0.28284271247461906,0.3570318492393011
TrockneBlumenIPAMusic.txt,line 20,0.5,0.25,0.25,0.12247448713915887,0.15459932570068521
TrockneBlumenIPAMusic.txt,line 21,0.6,0.2,0.2,0.12247448713915887,0.15459932570068521
TrockneBlumenIPAMusic.txt,line 22,0.25,0.25,0.5,0.4636809247747852,0.5853036006511442
TrockneBlumenIPAMusic.txt,line 23,0.4,0.2,0.4,0.18708286933869708,0.236154370804174
TrockneBlumenIPAMusic.txt,line 24,0.75,0.0,0.25,0.4301162633521313,0.5429349886689758
TrockneBlumenIPAMusic.txt,line 25,0.4,0.2,0.4,0.4301162633521313,0.5429349886689758
TrockneBlumenIPAMusic.txt,line 26,0.4,0.2,0.4,0.0,0.0
TrockneBlumenIPAMusic.txt,line 27,0.4,0.2,0.4,0.0,0.0
TrockneBlumenIPAMusic.txt,line 28,0.25,0.0,0.75,0.4301162633521313,0.5429349886689758
TrockneBlumenIPAMusic.txt,line 29,0.2,0.2,0.6,0.25495097567963926,0.3218241598515072
TrockneBlumenIPAMusic.txt,line 30,0.0,0.0,1.0,0.48989794855663565,0.6183973028027411
TrockneBlumenIPAMusic.txt,line 31,0.4,0.2,0.4,0.7483314773547883,0.944617483216696
TrockneBlumenIPAMusic.txt,line 32,0.6,0.2,0.2,0.282842712474619,0.35703184923930104
TrockneBlumenIPAMusic.txt,line 33,0.4,0.2,0.4,0.282842712474619,0.35703184923930104
TrockneBlumenIPAMusic.txt,line 34,0.4,0.2,0.4,0.0,0.0
TrockneBlumenIPAMusic.txt,line 35,0.4,0.2,0.4,0.0,0.0
TrockneBlumenIPAMusic.txt,line 36,0.25,0.0,0.75,0.4301162633521313,0.5429349886689758
TrockneBlumenIPAMusic.txt,line 37,0.2,0.2,0.6,0.25495097567963926,0.3218241598515072
TrockneBlumenIPAMusic.txt,line 38,0.0,0.0,1.0,0.48989794855663565,0.6183973028027411
TrockneBlumenIPAMusic.txt,line 39,0.4,0.2,0.4,0.7483314773547883,0.944617483216696
TrockneBlumenIPAMusic.txt,line 40,0.6,0.2,0.2,0.282842712474619,0.35703184923930104
TrockneBlumenIPAMusic.txt,line 41,0.2,0.2,0.6,0.565685424949238,0.7140636984786021
TrockneBlumenIPAMusic.txt,line 42,0.0,0.0,1.0,0.48989794855663565,0.6183973028027411
TrockneBlumenIPAMusic.txt,line 43,0.4,0.2,0.4,0.7483314773547883,0.944617483216696
TrockneBlumenIPAMusic.txt,line 44,0.6,0.2,0.2,0.282842712474619,0.35703184923930104
TrockneBlumenIPAMusic.txt,line 44,0.6,0.2,0.2,0.282842712474619,0.35703184923930104
UngeduldIPAMusic.txt,line 1,0.4,0.2,0.4,NULL,NULL
UngeduldIPAMusic.txt,line 2,0.5,0.2,0.3,0.14142135623730953,0.5488071256449032
UngeduldIPAMusic.txt,line 3,0.4444444444444444,0.2222222222222222,0.3333333333333333,0.06849348892187752,0.2657994222423513
UngeduldIPAMusic.txt,line 4,0.3,0.2,0.5,0.22166597048066672,0.86020858058133
UngeduldIPAMusic.txt,line 5,0.2,0.4,0.4,0.2449489742783178,0.9505618251728086
UngeduldIPAMusic.txt,line 6,0.25,0.0,0.75,0.5338539126015656,2.071701467757925
UngeduldIPAMusic.txt,line 7,0.46153846153846156,0.07692307692307693,0.46153846153846156,0.3658903382777009,1.419893219765706
UngeduldIPAMusic.txt,line 8,0.4444444444444444,0.3333333333333333,0.2222222222222222,0.35115621511408784,1.3627152093331685
UngeduldIPAMusic.txt,line 9,0.4,0.1,0.5,0.36548631563107836,1.4183253483120035
UngeduldIPAMusic.txt,line 10,0.5,0.2,0.3,0.24494897427831783,0.9505618251728087
UngeduldIPAMusic.txt,line 11,0.1,0.4,0.5,0.48989794855663565,1.9011236503456175
UngeduldIPAMusic.txt,line 12,0.2727272727272727,0.2727272727272727,0.45454545454545453,0.2193152378511785,0.8510862043584329
UngeduldIPAMusic.txt,line 13,0.25,0.0,0.75,0.40272829878793975,1.5628485396702894
UngeduldIPAMusic.txt,line 14,0.46153846153846156,0.07692307692307693,0.46153846153846156,0.3658903382777009,1.419893219765706
UngeduldIPAMusic.txt,line 15,0.3,0.3,0.4,0.28221440504375606,1.0951760085496176
UngeduldIPAMusic.txt,line 16,0.4,0.1,0.5,0.2449489742783178,0.9505618251728086
UngeduldIPAMusic.txt,line 17,0.3,0.3,0.4,0.2449489742783178,0.9505618251728086
UngeduldIPAMusic.txt,line 18,0.6,0.0,0.4,0.4242640687119285,1.6464213769347091
UngeduldIPAMusic.txt,line 19,0.45454545454545453,0.2727272727272727,0.2727272727272727,0.334268660197277,1.2971804787970436
UngeduldIPAMusic.txt,line 20,0.25,0.0,0.75,0.586522177298361,2.276088695613739
UngeduldIPAMusic.txt,line 21,0.46153846153846156,0.07692307692307693,0.46153846153846156,0.3658903382777009,1.419893219765706
UngeduldIPAMusic.txt,line 22,0.4,0.2,0.4,0.15073783032511867,0.584961123183267
UngeduldIPAMusic.txt,line 23,0.2,0.3,0.5,0.2449489742783178,0.9505618251728086
UngeduldIPAMusic.txt,line 24,0.4,0.3,0.3,0.28284271247461906,1.0976142512898064
UngeduldIPAMusic.txt,line 25,0.5,0.2,0.3,0.14142135623730948,0.548807125644903
UngeduldIPAMusic.txt,line 26,0.36363636363636365,0.18181818181818182,0.45454545454545453,0.2069055759407462,0.8029286200692457
UngeduldIPAMusic.txt,line 27,0.25,0.0,0.75,0.3650540546411139,1.4166478936634088
UngeduldIPAMusic.txt,line 28,0.46153846153846156,0.07692307692307693,0.46153846153846156,0.3658903382777009,1.419893219765706
UngeduldIPAMusic.txt,line 28,0.46153846153846156,0.07692307692307693,0.46153846153846156,0.3658903382777009,1.419893219765706
WohinIPAMusic.txt,line 1,0.14285714285714285,0.14285714285714285,0.7142857142857143,NULL,NULL
WohinIPAMusic.txt,line 2,0.3333333333333333,0.16666666666666666,0.5,0.2876915707998708,0.5406173236046274
WohinIPAMusic.txt,line 3,0.2857142857142857,0.2857142857142857,0.42857142857142855,0.14677176197545183,0.27580702805888335
WohinIPAMusic.txt,line 4,0.6666666666666666,0.16666666666666666,0.16666666666666666,0.47737946799436715,0.8970704619998953
WohinIPAMusic.txt,line 5,0.7142857142857143,0.14285714285714285,0.14285714285714285,0.05832118435198047,0.1095945998909813
WohinIPAMusic.txt,line 6,0.6666666666666666,0.0,0.3333333333333333,0.24281045302822785,0.4562787046363007
WohinIPAMusic.txt,line 7,0.5714285714285714,0.2857142857142857,0.14285714285714285,0.3563483225498992,0.669634066345094
WohinIPAMusic.txt,line 8,0.16666666666666666,0.3333333333333333,0.5,0.5418955560352877,1.0183062519437927
WohinIPAMusic.txt,line 9,0.5714285714285714,0.2857142857142857,0.14285714285714285,0.5418955560352877,1.0183062519437927
WohinIPAMusic.txt,line 10,0.16666666666666666,0.3333333333333333,0.5,0.5418955560352877,1.0183062519437927
WohinIPAMusic.txt,line 11,0.5,0.375,0.125,0.5034602488997739,0.9460803163080981
WohinIPAMusic.txt,line 12,0.42857142857142855,0.2857142857142857,0.2857142857142857,0.19723858959262966,0.37064206685184836
WohinIPAMusic.txt,line 13,0.2857142857142857,0.42857142857142855,0.2857142857142857,0.20203050891044214,0.379646830492724
WohinIPAMusic.txt,line 14,0.42857142857142855,0.2857142857142857,0.2857142857142857,0.20203050891044214,0.379646830492724
WohinIPAMusic.txt,line 15,0.2857142857142857,0.42857142857142855,0.2857142857142857,0.20203050891044214,0.379646830492724
WohinIPAMusic.txt,line 16,0.42857142857142855,0.2857142857142857,0.2857142857142857,0.20203050891044214,0.379646830492724
WohinIPAMusic.txt,line 17,0.14285714285714285,0.2857142857142857,0.5714285714285714,0.40406101782088427,0.759293660985448
WohinIPAMusic.txt,line 18,0.6666666666666666,0.0,0.3333333333333333,0.6424160744396209,1.2071999810023455
WohinIPAMusic.txt,line 19,1.0,0.0,0.0,0.4714045207910317,0.8858426044830228
WohinIPAMusic.txt,line 20,0.2857142857142857,0.2857142857142857,0.42857142857142855,0.8806305718527109,1.6548421683533001
WohinIPAMusic.txt,line 21,0.5,0.16666666666666666,0.3333333333333333,0.26298478612350623,0.49418942246913117
WohinIPAMusic.txt,line 22,0.2857142857142857,0.2857142857142857,0.42857142857142855,0.26298478612350623,0.49418942246913117
WohinIPAMusic.txt,line 23,0.5,0.16666666666666666,0.3333333333333333,0.26298478612350623,0.49418942246913117
WohinIPAMusic.txt,line 24,0.14285714285714285,0.14285714285714285,0.7142857142857143,0.522726152383337,0.9822839532417444
WohinIPAMusic.txt,line 25,0.0,0.16666666666666666,0.8333333333333334,0.18747637795266217,0.3522973488797932
WohinIPAMusic.txt,line 26,0.5714285714285714,0.2857142857142857,0.14285714285714285,0.9041351212403583,1.6990108819070322
WohinIPAMusic.txt,line 27,0.5,0.3333333333333333,0.16666666666666666,0.08908708063747477,0.16740851658627345
WohinIPAMusic.txt,line 28,0.5714285714285714,0.2857142857142857,0.14285714285714285,0.08908708063747477,0.16740851658627345
WohinIPAMusic.txt,line 29,0.5,0.3333333333333333,0.16666666666666666,0.08908708063747477,0.16740851658627345
WohinIPAMusic.txt,line 30,0.125,0.375,0.5,0.5034602488997738,0.9460803163080979
WohinIPAMusic.txt,line 31,0.5,0.16666666666666666,0.3333333333333333,0.4602233757161359,0.8648314893209795
WohinIPAMusic.txt,line 32,0.42857142857142855,0.2857142857142857,0.2857142857142857,0.14677176197545183,0.27580702805888335
WohinIPAMusic.txt,line 33,0.3333333333333333,0.3333333333333333,0.3333333333333333,0.11664236870396086,0.21918919978196247
WohinIPAMusic.txt,line 34,0.42857142857142855,0.2857142857142857,0.2857142857142857,0.11664236870396086,0.21918919978196247
WohinIPAMusic.txt,line 35,0.3333333333333333,0.3333333333333333,0.3333333333333333,0.11664236870396086,0.21918919978196247
WohinIPAMusic.txt,line 36,0.125,0.375,0.5,0.2700308624336608,0.5074300986075349
WohinIPAMusic.txt,line 37,0.5833333333333334,0.08333333333333333,0.3333333333333333,0.5682575707077441,1.0678445883553356
